{
  "计算机水平库列表": [
    {
      "级别": "一级",
      "职称等级": [
        "计算机基础及MS Office应用",
        "计算机基础及WPS Office应用",
        "计算机基础及Photoshop应用",
        "网络安全素质教育"
      ],
      "入库时间": "",
      "版本": ""
    },
    {
      "级别": "二级",
      "职称等级": [
        "C语言程序设计",
        "Java语言程序设计",
        "Access数据库程序设计",
        "C++语言程序设计",
        "MySQL数据程序设计",
        "Web程序设计",
        "MS Office高级应用",
        "Python语言程序设计",
        "WPS Office高级应用与设计",
        "Photoshop图像处理与制作",
        "Visual FoxPro数据库程序设计",
        "VB语言程序设计"
      ],
      "入库时间": "",
      "版本": ""
    },
    {
      "级别": "三级",
      "职称等级": [
        "网络技术",
        "数据库技术",
        "信息安全技术",
        "嵌入式系统开发技术",
        "Linux应用与开发技术"
      ],
      "入库时间": "",
      "版本": ""
    },
    {
      "级别": "四级",
      "职称等级": [
        "网络工程师",
        "数据库工程师",
        "信息安全工程师",
        "嵌入式系统开发工程师",
        "Linux应用与开发工程师"
      ],
      "入库时间": "",
      "版本": ""
    }
  ]
}