{
  "专业分类列表": [
    {
      "门类名称": "哲学",
      "专业类列表": [
        {
          "专业类名称": "哲学类",
          "专业名称列表": [
            "哲学",
            "逻辑学",
            "宗教学",
            "伦理学"
          ]
        }
      ]
    },
    {
      "门类名称": "经济学",
      "专业类列表": [
        {
          "专业类名称": "经济学类",
          "专业名称列表": [
            "经济学",
            "经济统计学",
            "国民经济管理",
            "资源与环境经济学",
            "商务经济学",
            "能源经济",
            "劳动经济学"
          ]
        },
        {
          "专业类名称": "财政学类",
          "专业名称列表": [
            "财政学",
            "税收学"
          ]
        },
        {
          "专业类名称": "金融学类",
          "专业名称列表": [
            "金融学",
            "金融工程",
            "保险学",
            "投资学",
            "金融数学",
            "信用管理",
            "经济与金融",
            "精算学",
            "互联网金融",
            "金融科技"
          ]
        },
        {
          "专业类名称": "经济与贸易类",
          "专业名称列表": [
            "国际经济与贸易",
            "贸易经济"
          ]
        }
      ]
    },
    {
      "门类名称": "法学",
      "专业类列表": [
        {
          "专业类名称": "法学类",
          "专业名称列表": [
            "法学",
            "知识产权",
            "监狱学",
            "司法警察学",
            "社区矫正"
          ]
        },
        {
          "专业类名称": "政治学类",
          "专业名称列表": [
            "政治学与行政学",
            "国际政治",
            "外交学",
            "国际事务与国际关系",
            "政治学、经济学与哲学",
            "国际组织与全球治理"
          ]
        },
        {
          "专业类名称": "社会学类",
          "专业名称列表": [
            "社会学",
            "社会工作",
            "人类学",
            "女性学",
            "家政学",
            "老年学"
          ]
        },
        {
          "专业类名称": "民族学类",
          "专业名称列表": [
            "民族学"
          ]
        },
        {
          "专业类名称": "马克思主义理论类",
          "专业名称列表": [
            "科学社会主义",
            "中国共产党历史",
            "思想政治教育"
          ]
        },
        {
          "专业类名称": "公安学类",
          "专业名称列表": [
            "治安学",
            "侦查学",
            "边防管理",
            "禁毒学",
            "警犬技术",
            "经济犯罪侦查",
            "边防指挥",
            "消防指挥",
            "警卫学",
            "公安情报学",
            "犯罪学",
            "公安管理学",
            "涉外警务",
            "国内安全保卫",
            "警务指挥与战术",
            "技术侦查学",
            "海警执法",
            "公安政治工作"
          ]
        }
      ]
    },
    {
      "门类名称": "教育学",
      "专业类列表": [
        {
          "专业类名称": "教育学类",
          "专业名称列表": [
            "教育学",
            "科学教育",
            "人文教育",
            "教育技术学",
            "艺术教育",
            "学前教育",
            "小学教育",
            "特殊教育",
            "华文教育",
            "教育康复学",
            "卫生教育",
            "认知科学与技术"
          ]
        },
        {
          "专业类名称": "体育学类",
          "专业名称列表": [
            "体育教育",
            "运动训练",
            "社会体育指导与管理",
            "武术与民族传统体育",
            "运动人体科学",
            "运动康复",
            "休闲体育",
            "体能训练",
            "冰雪运动",
            "电子竞技运动与管理",
            "智能体育工程",
            "体育旅游",
            "运动能力开发"
          ]
        }
      ]
    },
    {
      "门类名称": "文学",
      "专业类列表": [
        {
          "专业类名称": "中国语言文学类",
          "专业名称列表": [
            "汉语言文学",
            "汉语言",
            "汉语国际教育",
            "中国少数民族语言文学",
            "古典文献学",
            "应用语言学",
            "秘书学",
            "手语翻译"
          ]
        },
        {
          "专业类名称": "外国语言文学类",
          "专业名称列表": [
            "英语",
            "俄语",
            "德语",
            "法语",
            "西班牙语",
            "阿拉伯语",
            "日语",
            "波斯语",
            "翻译",
            "商务英语"
          ]
        },
        {
          "专业类名称": "新闻传播学类",
          "专业名称列表": [
            "新闻学",
            "广播电视学",
            "广告学",
            "编辑出版学",
            "网络与新媒体",
            "数字出版",
            "时尚传播",
            "国际新闻与传播"
          ]
        }
      ]
    },
    {
      "门类名称": "历史学",
      "专业类列表": [
        {
          "专业类名称": "历史学类",
          "专业名称列表": [
            "历史学",
            "考古学",
            "文物与博物馆学",
            "文物保护技术",
            "外国语言与外国历史",
            "文化遗产",
            "古文字学",
            "科学史"
          ]
        }
      ]
    },
    {
      "门类名称": "理学",
      "专业类列表": [
        {
          "专业类名称": "数学类",
          "专业名称列表": [
            "数学与应用数学",
            "信息与计算科学",
            "数理基础科学",
            "数据计算及应用"
          ]
        },
        {
          "专业类名称": "物理学类",
          "专业名称列表": [
            "物理学",
            "应用物理学",
            "核物理",
            "声学",
            "系统科学与工程",
            "量子信息科学"
          ]
        },
        {
          "专业类名称": "化学类",
          "专业名称列表": [
            "化学",
            "应用化学",
            "化学生物学",
            "分子科学与工程",
            "能源化学",
            "化学测量学与技术"
          ]
        },
        {
          "专业类名称": "天文学类",
          "专业名称列表": [
            "天文学"
          ]
        },
        {
          "专业类名称": "地理科学类",
          "专业名称列表": [
            "地理科学",
            "自然地理与资源环境",
            "人文地理与城乡规划",
            "地理信息科学"
          ]
        },
        {
          "专业类名称": "大气科学类",
          "专业名称列表": [
            "大气科学",
            "应用气象学"
          ]
        },
        {
          "专业类名称": "海洋科学类",
          "专业名称列表": [
            "海洋科学",
            "海洋技术",
            "海洋资源与环境",
            "军事海洋学"
          ]
        },
        {
          "专业类名称": "地球物理学类",
          "专业名称列表": [
            "地球物理学",
            "空间科学与技术"
          ]
        },
        {
          "专业类名称": "地质学类",
          "专业名称列表": [
            "地质学",
            "地球化学",
            "地球信息科学与技术",
            "古生物学"
          ]
        },
        {
          "专业类名称": "生物科学类",
          "专业名称列表": [
            "生物科学",
            "生物技术",
            "生物信息学",
            "生态学",
            "整合科学",
            "神经科学"
          ]
        },
        {
          "专业类名称": "心理学类",
          "专业名称列表": [
            "心理学",
            "应用心理学"
          ]
        },
        {
          "专业类名称": "统计学类",
          "专业名称列表": [
            "统计学",
            "应用统计学"
          ]
        }
      ]
    },
    {
      "门类名称": "工学",
      "专业类列表": [
        {
          "专业类名称": "力学类",
          "专业名称列表": [
            "理论与应用力学",
            "工程力学"
          ]
        },
        {
          "专业类名称": "机械类",
          "专业名称列表": [
            "机械工程",
            "机械设计制造及其自动化",
            "材料成型及控制工程",
            "机械电子工程",
            "工业设计",
            "过程装备与控制工程",
            "车辆工程",
            "汽车服务工程",
            "机械工艺技术",
            "微机电系统工程",
            "机电技术教育",
            "汽车维修工程教育",
            "智能制造工程",
            "智能车辆工程",
            "仿生科学与工程",
            "新能源汽车工程"
          ]
        },
        {
          "专业类名称": "仪器类",
          "专业名称列表": [
            "测控技术与仪器",
            "精密仪器",
            "智能感知工程"
          ]
        },
        {
          "专业类名称": "材料类",
          "专业名称列表": [
            "材料科学与工程",
            "材料物理",
            "材料化学",
            "冶金工程",
            "金属材料工程",
            "无机非金属材料工程",
            "高分子材料与工程",
            "复合材料与工程",
            "粉体材料科学与工程",
            "宝石及材料工艺学",
            "焊接技术与工程",
            "功能材料",
            "纳米材料与技术",
            "新能源材料与器件",
            "材料设计科学与工程",
            "复合材料成型工程",
            "智能材料与结构"
          ]
        },
        {
          "专业类名称": "能源动力类",
          "专业名称列表": [
            "能源与动力工程",
            "能源与环境系统工程",
            "新能源科学与工程",
            "储能科学与工程"
          ]
        },
        {
          "专业类名称": "电气类",
          "专业名称列表": [
            "电气工程及其自动化",
            "智能电网信息工程",
            "光源与照明",
            "电气工程与智能控制",
            "电机电器智能化",
            "电缆工程"
          ]
        },
        {
          "专业类名称": "电子信息类",
          "专业名称列表": [
            "电子信息工程",
            "电子科学与技术",
            "通信工程",
            "微电子科学与工程",
            "光电信息科学与工程",
            "信息工程",
            "广播电视工程",
            "水声工程",
            "电子封装技术",
            "集成电路设计与集成系统",
            "医学信息工程",
            "电磁场与无线技术",
            " 电波传播与天线",
            "电子信息科学与技术",
            "电信工程及管理",
            "应用电子技术教育",
            "人工智能",
            "海洋信息工程"
          ]
        },
        {
          "专业类名称": "自动化类",
          "专业名称列表": [
            "自动化",
            "轨道交通信号与控制",
            "机器人工程",
            "邮政工程",
            "核电技术与控制工程",
            "智能装备与系统"
          ]
        },
        {
          "专业类名称": "计算机类",
          "专业名称列表": [
            "计算机科学与技术",
            "软件工程",
            "网络工程",
            "信息安全",
            "物联网工程",
            "智能科学与技术",
            "空间信息与数字技术",
            "电子与计算机工程",
            "数据科学与大数据技术",
            "网络空间安全",
            "新媒体技术",
            "电影制作",
            "保密技术",
            "服务科学与工程",
            "虚拟现实技术",
            "区块链工程",
            "密码科学与技术"
          ]
        },
        {
          "专业类名称": "土木类",
          "专业名称列表": [
            "土木工程",
            "建筑环境与能源应用工程",
            "给排水科学与工程",
            "建筑电气与智能化",
            "城市地下空间工程",
            "道路桥梁与渡河工程",
            "铁道工程",
            "智能建造",
            "土木、水利与海洋工程",
            "土木、水利与交通工程"
          ]
        },
        {
          "专业类名称": " 水利类",
          "专业名称列表": [
            "水利水电工程",
            "水文与水资源工程",
            "港口航道与海岸工程",
            "水务工程",
            "智慧水利"
          ]
        },
        {
          "专业类名称": "测绘类",
          "专业名称列表": [
            "测绘工程",
            "遥感科学与技术",
            "导航工程",
            "地理国情监测"
          ]
        },
        {
          "专业类名称": "化工与制药类",
          "专业名称列表": [
            "化学工程与工艺",
            "制药工程",
            "资源循环科学与工程",
            "能源化学工程",
            "化学工程与工业生物工程",
            "化工安全工程",
            "涂料工程",
            "精细化工"
          ]
        },
        {
          "专业类名称": "地质类",
          "专业名称列表": [
            "地质工程",
            "勘查技术与工程",
            "资源勘查工程",
            "地下水科学与工程",
            "旅游地学与规划工程"
          ]
        },
        {
          "专业类名称": "矿业类",
          "专业名称列表": [
            "采矿工程",
            "石油工程",
            "矿物加工工程",
            "油气储运工程",
            "矿物资源工程",
            "海洋油气工程"
          ]
        },
        {
          "专业类名称": "交通运输类",
          "专业名称列表": [
            "交通运输",
            "交通工程",
            "轮机工程",
            "飞行技术",
            "交通设备与控制工程",
            "救助与打捞工程",
            "船舶电子电气工程",
            "轨道交通电气与控制",
            "智慧交通"
          ]
        },
        {
          "专业类名称": "海洋工程类",
          "专业名称列表": [
            "船舶与海洋工程",
            "海洋工程与技术",
            "海洋资源开发技术",
            "海洋机器人"
          ]
        },
        {
          "专业类名称": "航空航天类",
          "专业名称列表": [
            "航空航天工程",
            "飞行器设计与工程",
            "飞行器制造工程",
            "飞行器动力工程",
            "飞行器环境与生命保障工程",
            "飞行器质量与可靠性",
            "飞行器适航技术",
            "飞行器控制与信息工程"
          ]
        },
        {
          "专业类名称": "核工程类",
          "专业名称列表": [
            "核工程与核技术",
            "辐射防护与核安全",
            "工程物理",
            "核化工与核燃料工程"
          ]
        },
        {
          "专业类名称": "环境科学与工程类",
          "专业名称列表": [
            "环境科学与工程类",
            "环境科学",
            "环境生态工程",
            "环保设备工程",
            "资源环境科学",
            "水质科学与技术"
          ]
        },
        {
          "专业类名称": "生物医学工程类",
          "专业名称列表": [
            "生物医学工程",
            "假肢矫形工程",
            "临床工程技术",
            "康复工程"
          ]
        },
        {
          "专业类名称": "建筑类",
          "专业名称列表": [
            "建筑学",
            "城乡规划",
            " 风景园林",
            "历史建筑保护工程"
          ]
        },
        {
          "专业类名称": "安全科学与工程类",
          "专业名称列表": [
            "安全工程",
            "应急技术与管理"
          ]
        },
        {
          "专业类名称": "生物工程类",
          "专业名称列表": [
            "生物工程",
            "生物制药",
            "合成生物学"
          ]
        }
      ]
    },
    {
      "门类名称": "管理学",
      "专业类列表": [
        {
          "专业类名称": "管理科学与工程类",
          "专业名称列表": [
            "管理科学",
            "信息管理与信息系统",
            "工程管理",
            "房地产开发与管理",
            "工程造价",
            "保密管理",
            "邮政管理",
            "大数据管理与应用",
            "工程审计",
            "计算金融",
            " 应急管理"
          ]
        },
        {
          "专业类名称": "工商管理类",
          "专业名称列表": [
            "工商管理",
            "市场营销",
            "会计学",
            "财务管理",
            "国际商务",
            " 人力资源管理",
            "审计学",
            "资产评估",
            "物业管理",
            "文化产业管理",
            "劳动关系",
            "体育经济与管理",
            "财务会计教育",
            "市场营销教育"
          ]
        },
        {
          "专业类名称": "农业经济管理类",
          "专业名称列表": [
            "农林经济管理",
            "农村区域发展"
          ]
        },
        {
          "专业类名称": "公共管理类",
          "专业名称列表": [
            "公共事业管理",
            "行政管理",
            "劳动与社会保障",
            "土地资源管理",
            "城市管理",
            "海关管理",
            "交通管理",
            "海事管理",
            "公共关系学",
            "健康服务与管理",
            "医疗产品管理"
          ]
        }
      ]
    },
    {
      "门类名称": "交叉学科",
      "专业类列表": [
        {
          "专业类名称": "集成电路科学与工程",
          "专业名称列表": [
            "集成电路设计与集成系统"
          ]
        },
        {
          "专业类名称": "国家安全学",
          "专业名称列表": [
            "国家安全学",
            "保密技术",
            "海外利益安全"
          ]
        },
        {
          "专业类名称": "设计学",
          "专业名称列表": [
            "设计学"
          ]
        },
        {
          "专业类名称": "遥感科学与技术",
          "专业名称列表": [
            "遥感科学与技术"
          ]
        },
        {
          "专业类名称": "智能科学与技术",
          "专业名称列表": [
            "智能科学与技术"
          ]
        },
        {
          "专业类名称": "纳米科学与工程",
          "专业名称列表": [
            "纳米科学与工程"
          ]
        },
        {
          "专业类名称": "区域国别学",
          "专业名称列表": [
            "区域国别学"
          ]
        },
        {
          "专业类名称": "材料科学与工程",
          "专业名称列表": [
            "材料科学与工程"
          ]
        }
      ]
    }
  ]
}